Team,Conf,home_team_avg_spread,away_team_avg_spread,overall_avg_spread,home_team_avg_win,away_team_avg_win,overall_avg_win
Duke,ACC,-33.040771349862254,-26.420936639118455,-29.730853994490353,1.0,0.9944903581267217,0.9972451790633609
Auburn,SEC,-31.691460055096417,-23.235537190082646,-27.463498622589533,1.0,0.9917355371900827,0.9958677685950413
Houston,B12,-31.3099173553719,-21.63168044077135,-26.470798898071628,1.0,0.9834710743801653,0.9917355371900827
Florida,SEC,-30.26749311294766,-21.586501377410467,-25.926997245179063,0.9972451790633609,0.9807162534435262,0.9889807162534435
Alabama,SEC,-27.775757575757577,-19.922865013774103,-23.84931129476584,0.9944903581267218,0.9641873278236914,0.9793388429752066
Tennessee,SEC,-26.268044077134984,-18.536363636363635,-22.40220385674931,0.9944903581267218,0.953168044077135,0.9738292011019284
Gonzaga,WCC,-26.877685950413223,-17.65289256198347,-22.265289256198347,0.9889807162534435,0.9283746556473829,0.9586776859504131
Maryland,B10,-25.56666666666667,-18.51184573002755,-22.03925619834711,0.9889807162534435,0.9476584022038568,0.9683195592286502
Iowa St.,B12,-26.64931129476584,-16.760330578512395,-21.704820936639116,0.9917355371900827,0.9283746556473829,0.9600550964187328
Arizona,B12,-26.493663911845733,-16.715702479338844,-21.604683195592287,0.9917355371900827,0.931129476584022,0.9614325068870524
Texas Tech,B12,-23.87933884297521,-18.189256198347106,-21.034297520661156,0.9862258953168044,0.953168044077135,0.9696969696969697
Michigan St.,B10,-23.75564738292011,-18.052341597796143,-20.903994490358127,0.9889807162534435,0.9421487603305785,0.965564738292011
St. John's,BE,-21.070247933884296,-19.361983471074378,-20.216115702479335,0.977961432506887,0.9559228650137741,0.9669421487603306
Purdue,B10,-26.118181818181817,-13.346831955922864,-19.73250688705234,0.9917355371900827,0.8705234159779615,0.9311294765840221
Kentucky,SEC,-25.709641873278237,-13.508264462809917,-19.608953168044078,0.9889807162534435,0.8705234159779615,0.9297520661157025
Illinois,B10,-23.555371900826447,-15.580716253443526,-19.568044077134985,0.9834710743801653,0.9173553719008265,0.9504132231404959
Wisconsin,B10,-21.77548209366391,-16.49641873278237,-19.135950413223142,0.9752066115702479,0.9256198347107438,0.9504132231404958
Michigan,B10,-20.947382920110194,-16.461707988980717,-18.704545454545453,0.9724517906336089,0.9228650137741047,0.9476584022038568
BYU,B12,-24.284848484848485,-12.584022038567493,-18.43443526170799,0.9862258953168044,0.8512396694214877,0.918732782369146
Kansas,B12,-23.48099173553719,-13.215426997245178,-18.348209366391185,0.977961432506887,0.859504132231405,0.918732782369146
UCLA,B10,-23.593939393939394,-12.52258953168044,-18.058264462809916,0.9834710743801653,0.8539944903581267,0.918732782369146
Missouri,SEC,-22.316528925619835,-13.35785123966942,-17.83719008264463,0.9724517906336089,0.8787878787878788,0.9256198347107438
Texas A&M,SEC,-23.615702479338843,-11.648209366391185,-17.631955922865014,0.9889807162534435,0.8402203856749311,0.9146005509641872
Connecticut,BE,-21.777685950413225,-13.133333333333333,-17.455509641873277,0.9724517906336089,0.8732782369146006,0.9228650137741048
Marquette,BE,-21.99779614325069,-12.579338842975208,-17.28856749311295,0.9696969696969697,0.859504132231405,0.9146005509641874
Louisville,ACC,-16.848484848484848,-17.056198347107436,-16.952341597796142,0.9421487603305785,0.9228650137741047,0.9325068870523416
Clemson,ACC,-20.222314049586775,-13.51763085399449,-16.86997245179063,0.9641873278236914,0.8870523415977961,0.9256198347107438
Baylor,B12,-22.373553719008264,-10.99090909090909,-16.682231404958678,0.977961432506887,0.8347107438016529,0.9063360881542699
North Carolina,ACC,-18.759504132231406,-13.723691460055097,-16.241597796143253,0.9504132231404959,0.8787878787878788,0.9146005509641874
Ole Miss,SEC,-16.86060606060606,-15.51625344352617,-16.188429752066114,0.9504132231404959,0.9201101928374655,0.9352617079889807
Oregon,B10,-17.725344352617082,-14.493112947658402,-16.10922865013774,0.9476584022038568,0.8980716253443526,0.9228650137741047
Creighton,BE,-19.948760330578512,-12.165289256198347,-16.05702479338843,0.953168044077135,0.8429752066115702,0.8980716253443526
Ohio St.,B10,-20.61074380165289,-10.899173553719008,-15.754958677685948,0.9586776859504132,0.8264462809917356,0.8925619834710744
Mississippi St.,SEC,-18.315977961432505,-12.991460055096418,-15.653719008264462,0.9476584022038568,0.8760330578512396,0.9118457300275482
Saint Mary's,WCC,-16.228925619834712,-14.183195592286502,-15.206060606060607,0.9393939393939394,0.9118457300275482,0.9256198347107438
Arkansas,SEC,-18.198898071625344,-12.023415977961433,-15.111157024793389,0.9476584022038568,0.8457300275482094,0.8966942148760331
Georgia,SEC,-20.636914600550963,-8.822314049586776,-14.72961432506887,0.9724517906336089,0.8016528925619835,0.8870523415977962
VCU,A10,-19.037190082644628,-10.317906336088155,-14.677548209366392,0.9476584022038568,0.8264462809917356,0.8870523415977962
Xavier,BE,-18.76060606060606,-10.054545454545455,-14.407575757575758,0.9476584022038568,0.8181818181818181,0.8829201101928374
New Mexico,MWC,-15.89421487603306,-11.643250688705233,-13.768732782369145,0.9228650137741047,0.8347107438016529,0.8787878787878788
Texas,SEC,-17.508815426997245,-9.716528925619835,-13.61267217630854,0.9366391184573003,0.8154269972451791,0.8760330578512396
Cincinnati,B12,-17.452341597796142,-9.496143250688705,-13.474242424242423,0.928374655647383,0.8154269972451791,0.8719008264462811
Oklahoma,SEC,-16.3564738292011,-10.514600550964188,-13.435537190082645,0.9338842975206612,0.8236914600550964,0.8787878787878788
SMU,ACC,-15.303305785123968,-11.136088154269972,-13.219696969696969,0.9118457300275482,0.837465564738292,0.8746556473829201
UC San Diego,BW,-15.74931129476584,-10.588980716253444,-13.169146005509642,0.9173553719008265,0.8236914600550964,0.8705234159779615
West Virginia,B12,-17.16115702479339,-9.143250688705233,-13.152203856749312,0.9449035812672176,0.8099173553719008,0.8774104683195592
Penn St.,B10,-17.226997245179064,-8.751239669421487,-12.989118457300275,0.928374655647383,0.7933884297520661,0.8608815426997245
Northwestern,B10,-15.800826446280992,-9.864462809917356,-12.832644628099175,0.9201101928374655,0.8236914600550964,0.871900826446281
Vanderbilt,SEC,-17.372727272727275,-8.190358126721764,-12.781542699724518,0.9449035812672176,0.7823691460055097,0.8636363636363636
Colorado St.,MWC,-16.423691460055096,-8.60495867768595,-12.514325068870523,0.9393939393939394,0.790633608815427,0.8650137741046833
Indiana,B10,-17.3900826446281,-7.445179063360881,-12.417630853994492,0.9421487603305785,0.768595041322314,0.8553719008264462
Villanova,BE,-17.268595041322314,-7.433884297520661,-12.351239669421489,0.928374655647383,0.768595041322314,0.8484848484848485
Pittsburgh,ACC,-19.522589531680442,-4.576033057851239,-12.04931129476584,0.9449035812672176,0.721763085399449,0.8333333333333333
Boise St.,MWC,-18.74269972451791,-5.189256198347108,-11.965977961432507,0.953168044077135,0.7245179063360881,0.8388429752066116
Santa Clara,WCC,-15.677134986225896,-7.715426997245179,-11.696280991735538,0.9035812672176309,0.7796143250688705,0.8415977961432507
Memphis,Amer,-13.816528925619833,-9.572176308539945,-11.69435261707989,0.9090909090909091,0.8071625344352618,0.8581267217630855
Utah St.,MWC,-17.105785123966943,-6.255922865013774,-11.68085399449036,0.9366391184573003,0.7382920110192838,0.837465564738292
Nebraska,B10,-14.81542699724518,-8.264462809917354,-11.539944903581267,0.9118457300275482,0.7851239669421488,0.8484848484848485
Iowa,B10,-15.946831955922864,-6.0,-10.973415977961432,0.8980716253443526,0.7382920110192838,0.8181818181818181
San Diego St.,MWC,-13.358126721763085,-8.055371900826445,-10.706749311294764,0.8980716253443526,0.7823691460055097,0.8402203856749311
USC,B10,-14.534159779614324,-6.199724517906336,-10.36694214876033,0.9008264462809917,0.7410468319559229,0.8209366391184574
Drake,MVC,-9.843526170798897,-9.51267217630854,-9.678099173553719,0.8484848484848485,0.8016528925619835,0.8250688705234159
Kansas St.,B12,-12.683195592286502,-6.3234159779614325,-9.503305785123967,0.8732782369146006,0.7465564738292011,0.8099173553719008
Yale,Ivy,-15.111570247933884,-3.6245179063360884,-9.368044077134986,0.9090909090909091,0.6887052341597797,0.7988980716253444
Utah,B12,-16.734710743801653,-1.665013774104683,-9.199862258953168,0.9201101928374655,0.6336088154269972,0.7768595041322314
Wake Forest,ACC,-10.520385674931129,-7.734710743801652,-9.12754820936639,0.8567493112947658,0.7741046831955922,0.8154269972451791
Butler,BE,-10.935537190082645,-7.111845730027548,-9.023691460055097,0.837465564738292,0.7575757575757576,0.7975206611570248
Rutgers,B10,-12.141873278236915,-5.867493112947659,-9.004683195592287,0.8705234159779615,0.743801652892562,0.8071625344352618
UCF,B12,-11.823691460055096,-6.170247933884298,-8.996969696969696,0.8760330578512396,0.743801652892562,0.8099173553719008
Arizona St.,B12,-9.79283746556474,-8.16831955922865,-8.980578512396693,0.8319559228650137,0.7796143250688705,0.8057851239669421
San Francisco,WCC,-12.365289256198349,-5.007713498622589,-8.686501377410469,0.8815426997245179,0.7245179063360881,0.803030303030303
TCU,B12,-14.670247933884298,-2.25564738292011,-8.462947658402204,0.9118457300275482,0.650137741046832,0.78099173553719
McNeese St.,Slnd,-10.93030303030303,-5.984848484848484,-8.457575757575757,0.8567493112947658,0.7493112947658402,0.803030303030303
Colorado,B12,-12.145179063360882,-4.461707988980716,-8.303443526170799,0.8760330578512396,0.7134986225895317,0.7947658402203857
Florida St.,ACC,-11.841597796143251,-4.075757575757576,-7.958677685950414,0.8539944903581267,0.7024793388429752,0.778236914600551
South Carolina,SEC,-13.937190082644628,-1.8608815426997245,-7.899035812672176,0.8953168044077136,0.6418732782369145,0.768595041322314
LSU,SEC,-12.127272727272727,-3.6487603305785123,-7.88801652892562,0.8705234159779615,0.6914600550964187,0.78099173553719
George Mason,A10,-11.074104683195593,-4.306060606060606,-7.690082644628099,0.8650137741046832,0.7107438016528926,0.7878787878787878
UC Irvine,BW,-8.491460055096418,-6.743250688705235,-7.6173553719008265,0.8181818181818182,0.7465564738292011,0.7823691460055097
Georgetown,BE,-11.03168044077135,-4.200826446280992,-7.616253443526171,0.8402203856749312,0.7107438016528926,0.775482093663912
Saint Joseph's,A10,-10.115702479338843,-4.983746556473829,-7.549724517906336,0.8347107438016529,0.721763085399449,0.778236914600551
Nevada,MWC,-12.316253443526172,-2.778236914600551,-7.547245179063362,0.859504132231405,0.6666666666666667,0.7630853994490359
Liberty,CUSA,-8.188429752066115,-6.890633608815428,-7.5395316804407715,0.7961432506887053,0.7493112947658402,0.7727272727272727
Stanford,ACC,-12.532782369146004,-2.4966942148760327,-7.514738292011018,0.8787878787878788,0.6749311294765841,0.7768595041322315
Dayton,A10,-9.993939393939394,-4.868044077134986,-7.43099173553719,0.8402203856749312,0.71900826446281,0.7796143250688705
North Texas,Amer,-9.285399449035813,-5.534435261707989,-7.409917355371901,0.8347107438016529,0.743801652892562,0.7892561983471074
Minnesota,B10,-8.323140495867769,-5.991460055096419,-7.157300275482093,0.8071625344352618,0.7410468319559229,0.7741046831955923
High Point,BSth,-11.148760330578513,-2.4633608815427,-6.806060606060607,0.859504132231405,0.6694214876033058,0.7644628099173554
Bradley,MVC,-10.615977961432506,-2.830027548209366,-6.723002754820936,0.8484848484848485,0.6721763085399449,0.7603305785123967
Arkansas St.,SB,-10.260055096418734,-3.1696969696969695,-6.714876033057852,0.837465564738292,0.6831955922865014,0.7603305785123967
Notre Dame,ACC,-8.404407713498623,-4.464462809917356,-6.434435261707989,0.8016528925619835,0.7134986225895317,0.7575757575757576
Oklahoma St.,B12,-10.993939393939394,-1.587878787878788,-6.290909090909091,0.859504132231405,0.6308539944903582,0.7451790633608816
Providence,BE,-10.849035812672176,-1.1192837465564738,-5.984159779614325,0.837465564738292,0.6143250688705234,0.7258953168044078
Oregon St.,WCC,-12.727548209366391,0.8137741046831956,-5.956887052341598,0.8842975206611571,0.5289256198347108,0.7066115702479339
Lipscomb,ASun,-7.394490358126721,-3.46831955922865,-5.431404958677685,0.7796143250688705,0.6942148760330579,0.7369146005509641
Georgia Tech,ACC,-8.97465564738292,-1.3245179063360881,-5.149586776859504,0.8071625344352618,0.6225895316804408,0.7148760330578513
UNLV,MWC,-8.101928374655648,-1.9523415977961431,-5.027134986225896,0.8016528925619835,0.6473829201101928,0.7245179063360881
Grand Canyon,WAC,-9.190633608815427,-0.8192837465564737,-5.00495867768595,0.8236914600550964,0.5977961432506886,0.7107438016528925
UAB,Amer,-8.332782369146006,-1.6170798898071626,-4.974931129476584,0.7988980716253443,0.6391184573002755,0.71900826446281
DePaul,BE,-8.672727272727272,-0.9173553719008265,-4.79504132231405,0.8016528925619835,0.5977961432506886,0.699724517906336
Troy,SB,-6.090082644628098,-3.48870523415978,-4.789393939393939,0.7658402203856749,0.6887052341597797,0.7272727272727273
Northern Iowa,MVC,-11.161157024793388,1.6269972451790635,-4.767079889807162,0.8484848484848485,0.487603305785124,0.6680440771349863
Virginia,ACC,-7.179889807162535,-2.3101928374655647,-4.74504132231405,0.768595041322314,0.6666666666666667,0.7176308539944904
Syracuse,ACC,-7.283471074380166,-1.449862258953168,-4.366666666666667,0.7823691460055097,0.6308539944903582,0.7066115702479339
California,ACC,-6.965013774104683,-1.7457300275482095,-4.355371900826446,0.7768595041322314,0.6446280991735538,0.7107438016528926
Utah Valley,WAC,-11.685123966942148,3.062258953168044,-4.311432506887052,0.8650137741046832,0.4380165289256198,0.6515151515151515
Loyola Chicago,A10,-8.57823691460055,-0.03966942148760332,-4.308953168044077,0.8071625344352618,0.578512396694215,0.6928374655647384
North Carolina St.,ACC,-9.40495867768595,0.8104683195592286,-4.297245179063361,0.8209366391184573,0.5206611570247934,0.6707988980716253
Washington,B10,-6.916804407713499,-1.5633608815426998,-4.2400826446280995,0.7768595041322314,0.628099173553719,0.7024793388429752
UNC Wilmington,CAA,-7.164462809917355,-1.290909090909091,-4.227685950413223,0.7796143250688705,0.6308539944903582,0.7052341597796143
Akron,MAC,-7.697796143250689,-0.42754820936639115,-4.06267217630854,0.7851239669421488,0.5977961432506886,0.6914600550964187
Florida Atlantic,Amer,-6.596969696969697,-1.443250688705234,-4.020110192837466,0.7658402203856749,0.6391184573002755,0.7024793388429752
Washington St.,WCC,-7.462534435261708,-0.39696969696969703,-3.929752066115703,0.768595041322314,0.5895316804407713,0.6790633608815426
St. Bonaventure,A10,-4.653719008264463,-2.3418732782369145,-3.4977961432506888,0.7272727272727273,0.6528925619834711,0.6900826446280992
Saint Louis,A10,-8.388154269972452,1.7578512396694215,-3.315151515151515,0.7933884297520661,0.4820936639118457,0.637741046831956
George Washington,A10,-7.473553719008264,0.9250688705234158,-3.2742424242424244,0.790633608815427,0.5179063360881543,0.6542699724517906
Cornell,Ivy,-5.337465564738292,-1.2085399449035812,-3.2730027548209364,0.7327823691460055,0.6225895316804408,0.6776859504132231
Chattanooga,SC,-4.0352617079889805,-2.343801652892562,-3.189531680440771,0.7052341597796143,0.6611570247933884,0.6831955922865014
Samford,SC,-6.4900826446280995,0.3628099173553719,-3.063636363636364,0.7548209366391184,0.556473829201102,0.6556473829201102
South Alabama,SB,-4.3630853994490355,-1.0793388429752067,-2.721212121212121,0.7134986225895317,0.6170798898071626,0.6652892561983471
Cal St. Northridge,BW,-5.686776859504133,0.8049586776859504,-2.4409090909090914,0.7465564738292011,0.5454545454545454,0.6460055096418733
Middle Tennessee,CUSA,-4.095592286501377,-0.6567493112947658,-2.3761707988980714,0.699724517906336,0.5977961432506886,0.6487603305785123
Jacksonville St.,CUSA,-4.7134986225895315,0.02947658402203858,-2.3420110192837464,0.7327823691460055,0.5730027548209367,0.6528925619834711
Illinois St.,MVC,-5.919559228650138,1.4548209366391185,-2.23236914600551,0.7465564738292011,0.5013774104683195,0.6239669421487604
Kent St.,MAC,-2.1137741046831953,-2.215702479338843,-2.164738292011019,0.6528925619834711,0.650137741046832,0.6515151515151516
Bryant,AE,-6.605509641873279,2.311570247933884,-2.1469696969696974,0.768595041322314,0.4628099173553719,0.615702479338843
North Alabama,ASun,-7.230853994490358,3.010192837465565,-2.1103305785123965,0.7768595041322314,0.4297520661157025,0.6033057851239669
Tulane,Amer,-6.737190082644628,2.846005509641873,-1.9455922865013775,0.7630853994490359,0.4380165289256198,0.6005509641873279
Northern Colorado,BSky,-3.1151515151515152,-0.7074380165289257,-1.9112947658402204,0.6749311294765841,0.5950413223140496,0.6349862258953168
Murray St.,MVC,-4.132782369146006,0.3212121212121212,-1.9057851239669423,0.7024793388429752,0.5454545454545454,0.6239669421487604
Virginia Tech,ACC,-4.003581267217631,0.20826446280991734,-1.8976584022038567,0.6942148760330579,0.5619834710743802,0.628099173553719
St. Thomas,Sum,-5.4534435261707985,1.6898071625344353,-1.8818181818181816,0.7465564738292011,0.5068870523415978,0.6267217630853994
Furman,SC,-4.705785123966942,1.0581267217630854,-1.8238292011019284,0.7079889807162535,0.5206611570247934,0.6143250688705235
Belmont,MVC,-2.177961432506887,-1.2972451790633608,-1.737603305785124,0.6446280991735537,0.628099173553719,0.6363636363636364
Duquesne,A10,-5.804683195592286,2.3796143250688706,-1.7125344352617078,0.7465564738292011,0.4352617079889807,0.5909090909090908
South Dakota St.,Sum,-5.698071625344353,2.4743801652892565,-1.6118457300275482,0.7465564738292011,0.4573002754820936,0.6019283746556474
Wichita St.,Amer,-3.2597796143250686,0.14573002754820932,-1.5570247933884296,0.6749311294765841,0.559228650137741,0.6170798898071626
Louisiana Tech,CUSA,-3.424793388429752,0.35151515151515145,-1.5366391184573003,0.6721763085399449,0.5619834710743802,0.6170798898071626
Wofford,SC,-3.099724517906336,0.19559228650137736,-1.4520661157024795,0.6666666666666666,0.559228650137741,0.6129476584022038
Milwaukee,Horz,-4.748209366391184,1.9644628099173553,-1.3918732782369143,0.7079889807162535,0.47658402203856753,0.5922865013774106
Seattle,WAC,-6.105509641873279,3.435261707988981,-1.3351239669421489,0.7575757575757576,0.3994490358126722,0.578512396694215
Davidson,A10,-4.531955922865014,1.9553719008264465,-1.2882920110192835,0.6942148760330579,0.4683195592286501,0.581267217630854
Robert Morris,Horz,-2.6460055096418733,0.8471074380165289,-0.8994490358126722,0.6666666666666666,0.534435261707989,0.6005509641873279
New Mexico St.,CUSA,-2.875206611570248,1.121487603305785,-0.8768595041322316,0.6611570247933884,0.5179063360881543,0.5895316804407713
North Dakota St.,Sum,-2.1170798898071626,0.6716253443526171,-0.7227272727272727,0.6446280991735537,0.5482093663911846,0.5964187327823691
Miami OH,MAC,-4.927548209366392,3.533333333333333,-0.6971074380165292,0.7272727272727273,0.4132231404958677,0.5702479338842975
Charleston,CAA,-4.900826446280992,3.587603305785124,-0.656611570247934,0.7272727272727273,0.4104683195592287,0.568870523415978
Kennesaw St.,CUSA,-3.960606060606061,2.6735537190082646,-0.6435261707988982,0.6942148760330579,0.4352617079889807,0.5647382920110193
UNC Greensboro,SC,-3.069421487603306,2.156749311294766,-0.45633608815426996,0.6749311294765841,0.46556473829201106,0.5702479338842976
Rhode Island,A10,-6.995041322314049,6.549586776859504,-0.22272727272727222,0.7741046831955923,0.30027548209366395,0.5371900826446281
Winthrop,BSth,-4.160055096418732,3.751790633608816,-0.2041322314049583,0.6942148760330579,0.40771349862258954,0.5509641873278237
Purdue Fort Wayne,Horz,-4.329752066115702,3.985950413223141,-0.17190082644628069,0.696969696969697,0.3939393939393939,0.5454545454545454
Temple,Amer,-4.086501377410468,3.9258953168044073,-0.08030303030303054,0.6859504132231405,0.3856749311294766,0.5358126721763086
East Tennessee St.,SC,-4.082920110192838,4.138842975206612,0.027961432506887096,0.699724517906336,0.36914600550964183,0.5344352617079889
Illinois Chicago,MVC,-2.5,2.6504132231404958,0.07520661157024788,0.6584022038567493,0.4435261707988981,0.5509641873278237
Cleveland St.,Horz,-2.6504132231404958,2.9005509641873273,0.12506887052341575,0.6639118457300276,0.418732782369146,0.5413223140495869
Loyola Marymount,WCC,-3.4297520661157024,3.8931129476584023,0.23168044077134997,0.6749311294765841,0.38842975206611574,0.5316804407713499
Radford,BSth,-4.103305785123967,4.636363636363637,0.26652892561983466,0.7079889807162535,0.35812672176308535,0.5330578512396694
Texas A&M Corpus Chris,Slnd,-5.513774104683195,6.136914600550964,0.3115702479338842,0.7410468319559229,0.30578512396694213,0.5234159779614325
Towson,CAA,-2.6732782369146006,3.3011019283746554,0.3139118457300274,0.6611570247933884,0.4104683195592287,0.5358126721763086
South Carolina St.,MEAC,-4.501652892561983,5.201101928374656,0.3497245179063362,0.696969696969697,0.3305785123966942,0.5137741046831956
UC Santa Barbara,BW,-3.3884297520661155,4.169146005509641,0.39035812672176284,0.6666666666666666,0.371900826446281,0.5192837465564738
Miami FL,ACC,-2.418732782369146,3.4214876033057853,0.5013774104683197,0.6418732782369146,0.40771349862258954,0.5247933884297521
James Madison,SB,-4.1057851239669425,5.4647382920110195,0.6794765840220385,0.7052341597796143,0.3305785123966942,0.5179063360881543
Seton Hall,BE,-1.171349862258953,2.5738292011019284,0.7012396694214876,0.6253443526170799,0.4490358126721763,0.5371900826446281
Cal Baptist,WAC,-1.9410468319559229,3.4873278236914604,0.7731404958677688,0.6446280991735537,0.40220385674931125,0.5234159779614325
Norfolk St.,MEAC,-2.1046831955922864,3.7382920110192837,0.8168044077134986,0.6418732782369146,0.39669421487603307,0.5192837465564739
East Carolina,Amer,-1.2471074380165288,2.892837465564738,0.8228650137741046,0.6253443526170799,0.4242424242424242,0.524793388429752
Boston College,ACC,-2.3614325068870525,4.057300275482094,0.8479338842975206,0.650137741046832,0.371900826446281,0.5110192837465565
UTEP,CUSA,-0.6889807162534435,2.4705234159779614,0.8907713498622589,0.5977961432506887,0.4545454545454546,0.5261707988980717
Montana,BSky,-2.249862258953168,4.107162534435262,0.928650137741047,0.650137741046832,0.3911845730027548,0.5206611570247934
Drexel,CAA,-2.0176308539944903,3.909917355371901,0.9461432506887053,0.6308539944903582,0.3801652892561983,0.5055096418732783
Ohio,MAC,-5.940495867768595,7.944352617079891,1.0019283746556478,0.7493112947658402,0.25068870523415976,0.5
Nebraska Omaha,Sum,-2.0267217630853995,4.1595041322314055,1.066391184573003,0.6446280991735537,0.3856749311294766,0.5151515151515151
Appalachian St.,SB,-0.9691460055096419,3.118732782369146,1.074793388429752,0.6143250688705234,0.418732782369146,0.5165289256198347
San Jose St.,MWC,-2.0972451790633606,4.491460055096419,1.1971074380165292,0.650137741046832,0.36363636363636365,0.5068870523415978
Montana St.,BSky,-3.522589531680441,6.158677685950413,1.318044077134986,0.6776859504132231,0.2892561983471075,0.4834710743801653
Marshall,SB,-2.8793388429752067,5.535537190082644,1.3280991735537189,0.6639118457300276,0.3168044077134986,0.4903581267217631
Western Kentucky,CUSA,-2.5338842975206615,5.371349862258953,1.4187327823691456,0.6528925619834711,0.3278236914600551,0.4903581267217631
South Florida,Amer,-1.4046831955922865,4.322038567493113,1.4586776859504131,0.6225895316804407,0.3553719008264463,0.4889807162534435
Florida Gulf Coast,ASun,-0.6796143250688705,3.6228650137741045,1.471625344352617,0.6088154269972452,0.3939393939393939,0.5013774104683195
Dartmouth,Ivy,-4.93305785123967,8.066942148760331,1.5669421487603308,0.7245179063360881,0.2341597796143251,0.4793388429752066
UC Riverside,BW,-3.3396694214876033,6.491460055096419,1.5758953168044079,0.6831955922865014,0.3085399449035813,0.49586776859504134
Princeton,Ivy,-0.40798898071625345,3.8694214876033057,1.730716253443526,0.5977961432506887,0.40220385674931125,0.5
Nicholls St.,Slnd,-0.014600550964187352,3.5611570247933884,1.7732782369146005,0.5509641873278237,0.3939393939393939,0.4724517906336088
Elon,CAA,-2.2022038567493114,6.066115702479339,1.9319559228650136,0.6446280991735537,0.30027548209366395,0.4724517906336088
Lamar,Slnd,0.6022038567493113,3.2710743801652895,1.9366391184573004,0.5371900826446281,0.418732782369146,0.47796143250688705
Indiana St.,MVC,-1.6371900826446284,5.639944903581267,2.0013774104683195,0.6253443526170799,0.3223140495867769,0.4738292011019284
Youngstown St.,Horz,-0.693939393939394,4.7019283746556475,2.0039944903581266,0.6005509641873278,0.3471074380165289,0.47382920110192833
Maine,AE,-2.6110192837465562,6.627272727272727,2.0081267217630856,0.6418732782369146,0.28099173553719003,0.46143250688705234
Central Connecticut,NEC,0.6377410468319559,3.3903581267217633,2.0140495867768595,0.5454545454545454,0.42148760330578516,0.4834710743801653
Texas St.,SB,-2.1242424242424245,6.220110192837466,2.047933884297521,0.6391184573002755,0.2892561983471075,0.4641873278236915
Rice,Amer,-0.2550964187327823,4.420661157024793,2.0827823691460052,0.5840220385674931,0.3526170798898072,0.46831955922865015
UTSA,Amer,-0.32203856749311294,4.509641873278237,2.093801652892562,0.5840220385674931,0.3471074380165289,0.465564738292011
Merrimack,MAAC,1.322038567493113,2.937741046831956,2.1298898071625345,0.5013774104683195,0.4242424242424242,0.46280991735537186
Valparaiso,MVC,-0.9614325068870524,5.243250688705234,2.1409090909090907,0.6170798898071626,0.32506887052341593,0.47107438016528924
Wyoming,MWC,-2.643801652892562,6.969972451790634,2.1630853994490358,0.6584022038567493,0.26997245179063356,0.46418732782369143
Southern Illinois,MVC,-0.4724517906336088,4.952892561983472,2.2402203856749314,0.5895316804407713,0.3415977961432507,0.465564738292011
Portland St.,BSky,-3.1603305785123967,7.831404958677687,2.335537190082645,0.6749311294765841,0.25068870523415976,0.4628099173553719
Cal Poly,BW,-1.056749311294766,5.840771349862258,2.3920110192837463,0.6088154269972452,0.32506887052341593,0.4669421487603306
Sam Houston St.,CUSA,0.09008264462809919,4.702754820936639,2.396418732782369,0.5564738292011019,0.3471074380165289,0.4517906336088154
Oakland,Horz,0.5011019283746556,4.564187327823691,2.5326446280991735,0.5454545454545454,0.3526170798898072,0.4490358126721763
Northeastern,CAA,0.8019283746556475,4.539393939393939,2.670661157024793,0.5261707988980716,0.3471074380165289,0.43663911845730025
Longwood,BSth,0.9909090909090909,4.381818181818182,2.6863636363636365,0.5289256198347108,0.3746556473829201,0.45179063360881544
Massachusetts,A10,0.1101928374655647,5.293112947658402,2.7016528925619836,0.5647382920110193,0.31404958677685946,0.4393939393939394
Southeast Missouri,OVC,-1.322038567493113,6.734986225895318,2.7064738292011024,0.6225895316804407,0.2865013774104683,0.45454545454545453
Campbell,CAA,-0.9435261707988981,6.3829201101928374,2.7196969696969697,0.6143250688705234,0.2865013774104683,0.45041322314049587
La Salle,A10,-1.271900826446281,7.092837465564738,2.9104683195592287,0.6198347107438017,0.2672176308539945,0.4435261707988981
Hofstra,CAA,1.5820936639118457,4.353719008264463,2.9679063360881544,0.4986225895316804,0.3471074380165289,0.4228650137741047
Eastern Kentucky,ASun,1.4242424242424243,4.519559228650137,2.971900826446281,0.4903581267217631,0.36363636363636365,0.42699724517906334
UNC Asheville,BSth,-1.2495867768595041,7.203030303030302,2.976721763085399,0.628099173553719,0.278236914600551,0.453168044077135
Idaho St.,BSky,-0.1068870523415978,6.080165289256198,2.9866391184573,0.5785123966942148,0.30027548209366395,0.4393939393939394
Jacksonville,ASun,0.2526170798898072,5.854545454545454,3.0535812672176306,0.5564738292011019,0.3168044077134986,0.43663911845730025
Brown,Ivy,-1.2815426997245178,7.417079889807162,3.067768595041322,0.6253443526170799,0.2727272727272727,0.4490358126721763
Southeastern Louisiana,Slnd,0.959504132231405,5.381267217630854,3.1703856749311297,0.5234159779614325,0.3278236914600551,0.42561983471074377
Hampton,CAA,-0.9181818181818182,7.267768595041322,3.174793388429752,0.6088154269972452,0.26170798898071623,0.43526170798898073
Central Michigan,MAC,0.27327823691460057,6.212121212121212,3.242699724517906,0.5564738292011019,0.2920110192837465,0.4242424242424242
Quinnipiac,MAAC,-0.665840220385675,7.2415977961432505,3.2878787878787876,0.5950413223140496,0.278236914600551,0.4366391184573003
Bucknell,PL,-0.5396694214876033,7.306611570247934,3.3834710743801657,0.5922865013774105,0.27548209366391185,0.43388429752066116
Southern,SWAC,-0.8203856749311295,7.8798898071625345,3.5297520661157025,0.6033057851239669,0.2479338842975206,0.42561983471074377
Queens,ASun,2.12534435261708,4.987603305785124,3.556473829201102,0.465564738292011,0.3415977961432507,0.4035812672176309
Pepperdine,WCC,0.5809917355371901,6.69504132231405,3.63801652892562,0.5344352617079889,0.2837465564738292,0.40909090909090906
William & Mary,CAA,-1.7454545454545456,9.427823691460055,3.8411845730027547,0.628099173553719,0.1955922865013774,0.4118457300275482
Kansas City,Sum,-0.803581267217631,8.533333333333333,3.8648760330578513,0.6005509641873278,0.1900826446280992,0.3953168044077135
Fordham,A10,2.9129476584022043,4.841322314049587,3.8771349862258955,0.42699724517906334,0.32506887052341593,0.37603305785123964
Wright St.,Horz,-0.1699724517906336,8.135537190082644,3.982782369146005,0.581267217630854,0.2341597796143251,0.40771349862258954
Missouri St.,MVC,1.0490358126721764,7.0523415977961434,4.05068870523416,0.5179063360881543,0.2644628099173554,0.39118457300275483
Presbyterian,BSth,1.1438016528925619,7.116528925619836,4.130165289256198,0.5013774104683195,0.25619834710743805,0.3787878787878788
UMass Lowell,AE,-1.6548209366391187,10.304683195592286,4.3249311294765835,0.6253443526170799,0.1515151515151515,0.3884297520661157
Abilene Christian,WAC,0.9030303030303031,7.791460055096419,4.347245179063361,0.5344352617079889,0.2589531680440771,0.396694214876033
SIU Edwardsville,OVC,1.4,7.428374655647383,4.414187327823692,0.4931129476584022,0.2644628099173554,0.3787878787878788
Vermont,AE,1.074931129476584,7.803856749311295,4.4393939393939394,0.5206611570247934,0.24517906336088158,0.3829201101928375
UT Arlington,WAC,1.0242424242424242,7.9506887052341595,4.487465564738292,0.512396694214876,0.21763085399449034,0.36501377410468316
Toledo,MAC,2.9515151515151516,6.228374655647383,4.589944903581268,0.4325068870523416,0.30578512396694213,0.36914600550964183
Monmouth,CAA,-2.2724517906336086,11.66969696969697,4.698622589531681,0.6473829201101928,0.09366391184572997,0.3705234159779614
Richmond,A10,1.5454545454545454,8.170247933884298,4.857851239669421,0.4931129476584022,0.19834710743801653,0.34573002754820936
Northern Kentucky,Horz,1.6446280991735538,8.149862258953169,4.897245179063361,0.4820936639118457,0.2286501377410468,0.35537190082644626
Delaware,CAA,3.3790633608815424,6.573553719008264,4.976308539944903,0.41597796143250687,0.29476584022038566,0.35537190082644626
Cal St. Bakersfield,BW,-2.3878787878787877,12.357575757575757,4.984848484848484,0.6391184573002755,0.07988980716253447,0.359504132231405
Charlotte,Amer,2.7741046831955924,7.215702479338844,4.994903581267218,0.44352617079889806,0.25619834710743805,0.349862258953168
Evansville,MVC,0.11404958677685956,10.237465564738292,5.175757575757576,0.5619834710743802,0.13774104683195587,0.349862258953168
Siena,MAAC,1.3201101928374654,9.085123966942149,5.202617079889807,0.4986225895316804,0.1707988980716253,0.3347107438016529
Hawaii,BW,0.5170798898071625,9.964738292011019,5.24090909090909,0.5344352617079889,0.15702479338842978,0.34573002754820936
Mount St. Mary's,MAAC,4.1369146005509645,6.6793388429752065,5.408126721763086,0.36363636363636365,0.2837465564738292,0.3236914600550964
Incarnate Word,Slnd,3.1922865013774104,7.629476584022038,5.410881542699724,0.41597796143250687,0.23966942148760328,0.3278236914600551
American,PL,-0.527823691460055,11.407438016528925,5.439807162534435,0.5977961432506887,0.13774104683195587,0.3677685950413223
South Dakota,Sum,-0.27796143250688704,11.346831955922864,5.534435261707989,0.581267217630854,0.13774104683195587,0.3595041322314049
Mercer,SC,1.387603305785124,9.731404958677686,5.559504132231405,0.49586776859504134,0.15702479338842978,0.32644628099173556
Northwestern St.,Slnd,3.556198347107438,7.591184573002755,5.573691460055096,0.39118457300275483,0.2672176308539945,0.3292011019283747
Jackson St.,SWAC,0.940771349862259,10.275482093663912,5.608126721763085,0.5234159779614325,0.14876033057851235,0.3360881542699724
Northern Arizona,BSky,2.088154269972452,9.258953168044076,5.6735537190082646,0.4738292011019284,0.18181818181818177,0.3278236914600551
Colgate,PL,2.1988980716253446,9.245454545454546,5.722176308539945,0.4628099173553719,0.17355371900826444,0.3181818181818182
Gardner Webb,BSth,2.8399449035812676,8.644628099173554,5.742286501377411,0.4297520661157025,0.18732782369146006,0.3085399449035813
UT Rio Grande Valley,Slnd,5.254269972451791,6.233608815426998,5.743939393939394,0.3168044077134986,0.29476584022038566,0.30578512396694213
Tennessee St.,OVC,2.765840220385675,8.768319559228651,5.767079889807163,0.4490358126721763,0.1955922865013774,0.32231404958677684
UC Davis,BW,4.048760330578513,7.638567493112948,5.843663911845731,0.3581267217630854,0.25068870523415976,0.3044077134986226
Little Rock,OVC,4.852892561983471,6.869972451790634,5.861432506887052,0.349862258953168,0.2892561983471075,0.31955922865013775
Harvard,Ivy,2.844903581267218,8.956473829201101,5.90068870523416,0.4325068870523416,0.19834710743801653,0.3154269972451791
Tulsa,Amer,3.7955922865013774,8.132506887052342,5.964049586776859,0.3884297520661157,0.20661157024793386,0.2975206611570248
Manhattan,MAAC,4.26831955922865,7.696418732782369,5.98236914600551,0.3443526170798898,0.2534435261707989,0.2988980716253443
FIU,CUSA,2.5600550964187327,9.418732782369146,5.989393939393939,0.44352617079889806,0.1652892561983471,0.3044077134986226
Sacred Heart,MAAC,1.9011019283746557,10.440495867768595,6.1707988980716255,0.4738292011019284,0.14049586776859502,0.3071625344352617
Iona,MAAC,4.131680440771349,8.327823691460056,6.229752066115703,0.3774104683195592,0.22589531680440766,0.30165289256198347
Georgia St.,SB,2.053719008264463,10.566942148760331,6.3103305785123975,0.4628099173553719,0.1322314049586777,0.2975206611570248
Marist,MAAC,4.594490358126722,8.141597796143252,6.368044077134987,0.33884297520661155,0.24242424242424243,0.290633608815427
Georgia Southern,SB,4.274104683195592,8.503856749311295,6.388980716253443,0.36363636363636365,0.21212121212121215,0.2878787878787879
Fresno St.,MWC,2.270247933884298,10.521212121212121,6.395730027548209,0.4628099173553719,0.14049586776859502,0.30165289256198347
Albany,AE,6.528374655647384,7.149035812672176,6.8387052341597805,0.26170798898071623,0.2644628099173554,0.2630853994490358
Idaho,BSky,3.9669421487603307,9.933333333333334,6.950137741046833,0.371900826446281,0.14325068870523416,0.25757575757575757
North Dakota,Sum,3.099724517906336,10.965840220385674,7.032782369146005,0.42699724517906334,0.11845730027548207,0.2727272727272727
Ball St.,MAC,5.432506887052342,8.800826446280992,7.116666666666667,0.3085399449035813,0.1763085399449036,0.24242424242424243
Saint Peter's,MAAC,5.836088154269972,8.398898071625345,7.117493112947658,0.2865013774104683,0.20110192837465568,0.243801652892562
LIU,NEC,4.462258953168044,9.924517906336089,7.1933884297520665,0.349862258953168,0.15426997245179064,0.25206611570247933
Navy,PL,4.4476584022038566,10.036363636363635,7.242011019283746,0.33884297520661155,0.14325068870523416,0.24104683195592286
Weber St.,BSky,3.7258953168044076,10.942148760330578,7.334022038567493,0.39669421487603307,0.10468319559228645,0.25068870523415976
Eastern Michigan,MAC,4.860055096418733,9.907162534435262,7.383608815426998,0.3333333333333333,0.15702479338842978,0.24517906336088155
North Florida,ASun,5.903030303030303,9.243526170798898,7.5732782369146,0.30303030303030304,0.18732782369146006,0.24517906336088155
Lafayette,PL,4.443526170798898,10.866391184573002,7.654958677685951,0.34710743801652894,0.12121212121212122,0.23415977961432508
Bowling Green,MAC,4.074931129476584,11.370798898071627,7.722865013774106,0.3608815426997245,0.10468319559228645,0.23278236914600547
Austin Peay,ASun,3.033333333333333,12.428374655647383,7.730853994490358,0.42699724517906334,0.08539944903581265,0.256198347107438
Bethune Cookman,SWAC,4.975757575757576,10.57245179063361,7.774104683195592,0.31955922865013775,0.14049586776859502,0.23002754820936638
Stephen F. Austin,Slnd,7.178787878787879,8.478787878787879,7.828787878787878,0.24517906336088155,0.209366391184573,0.2272727272727273
Alabama St.,SWAC,6.454820936639118,9.353168044077135,7.9039944903581265,0.2534435261707989,0.18181818181818177,0.21763085399449034
Tennessee Martin,OVC,4.839118457300275,11.246556473829202,8.042837465564737,0.3333333333333333,0.10192837465564741,0.21763085399449036
Portland,WCC,6.125619834710744,9.961157024793389,8.043388429752067,0.27823691460055094,0.16253443526170797,0.22038567493112945
Houston Christian,Slnd,5.280440771349862,10.892837465564739,8.0866391184573,0.31129476584022037,0.12396694214876036,0.21763085399449036
Western Michigan,MAC,7.461157024793389,8.739944903581266,8.100550964187327,0.23140495867768596,0.18457300275482091,0.20798898071625344
Eastern Washington,BSky,5.850413223140495,10.392561983471074,8.121487603305784,0.29476584022038566,0.13774104683195587,0.21625344352617076
Columbia,Ivy,1.7980716253443527,14.449862258953168,8.12396694214876,0.48484848484848486,0.06887052341597799,0.2768595041322314
Lehigh,PL,3.8851239669421487,12.42121212121212,8.153168044077134,0.3746556473829201,0.0826446280991735,0.2286501377410468
Tarleton St.,WAC,2.315702479338843,14.030027548209365,8.172865013774103,0.4462809917355372,0.06887052341597799,0.25757575757575757
Texas Southern,SWAC,5.53168044077135,10.828925619834711,8.18030303030303,0.30578512396694213,0.12396694214876036,0.21487603305785125
Pacific,WCC,9.045454545454545,7.450964187327823,8.248209366391183,0.1763085399449036,0.23966942148760328,0.20798898071625344
Penn,Ivy,4.734710743801653,12.351790633608815,8.543250688705234,0.33884297520661155,0.0881542699724518,0.21349862258953167
Old Dominion,SB,6.578512396694215,10.632231404958677,8.605371900826446,0.2644628099173554,0.11570247933884292,0.19008264462809915
VMI,SC,6.131955922865014,11.080991735537191,8.606473829201104,0.2809917355371901,0.12121212121212122,0.20110192837465565
UMBC,AE,7.687603305785124,9.718457300275482,8.703030303030303,0.23140495867768596,0.15426997245179064,0.1928374655647383
Fairleigh Dickinson,NEC,5.219834710743801,12.224517906336088,8.722176308539945,0.3168044077134986,0.07988980716253447,0.19834710743801653
Air Force,MWC,6.538567493112947,11.348760330578513,8.94366391184573,0.2644628099173554,0.1074380165289256,0.1859504132231405
Boston University,PL,3.2236914600550963,14.715151515151517,8.969421487603306,0.4214876033057851,0.05509641873278237,0.23829201101928374
Delaware St.,MEAC,5.459228650137741,12.48650137741047,8.972865013774106,0.3140495867768595,0.07988980716253447,0.196969696969697
North Carolina Central,MEAC,4.181542699724518,13.88732782369146,9.034435261707989,0.3774104683195592,0.05509641873278237,0.2162534435261708
Southern Miss,SB,4.252341597796143,13.982093663911845,9.117217630853993,0.3581267217630854,0.06611570247933884,0.21212121212121213
Charleston Southern,BSth,6.439669421487603,12.052341597796143,9.246005509641874,0.2644628099173554,0.0881542699724518,0.1763085399449036
Loyola MD,PL,8.232782369146005,10.642148760330578,9.437465564738291,0.2066115702479339,0.12121212121212122,0.16391184573002754
IU Indy,Horz,5.568595041322315,13.450964187327823,9.509779614325069,0.30578512396694213,0.06060606060606055,0.18319559228650134
St. Francis PA,NEC,5.806887052341598,13.258677685950412,9.532782369146005,0.29201101928374656,0.07713498622589532,0.18457300275482094
Southern Utah,WAC,7.043250688705234,12.063911845730027,9.55358126721763,0.2396694214876033,0.09090909090909094,0.1652892561983471
Utah Tech,WAC,6.052617079889807,13.127272727272727,9.589944903581268,0.2837465564738292,0.05785123966942152,0.17079889807162535
Rider,MAAC,7.8429752066115705,11.615151515151515,9.729063360881543,0.209366391184573,0.09090909090909094,0.15013774104683197
San Diego,WCC,7.486776859504132,12.154820936639117,9.820798898071624,0.24242424242424243,0.07438016528925617,0.1584022038567493
Binghamton,AE,5.661707988980716,14.118457300275482,9.890082644628098,0.2865013774104683,0.06060606060606055,0.17355371900826444
Army,PL,5.938292011019284,14.052341597796143,9.995316804407715,0.2892561983471074,0.07162534435261703,0.18044077134986222
Louisiana,SB,7.848209366391185,12.309090909090909,10.078650137741047,0.20385674931129477,0.07438016528925617,0.13911845730027547
Florida A&M,SWAC,4.308264462809918,15.85977961432507,10.084022038567493,0.349862258953168,0.038567493112947604,0.19421487603305781
Grambling St.,SWAC,8.533608815426996,11.78595041322314,10.159779614325068,0.18181818181818182,0.0826446280991735,0.13223140495867766
Niagara,MAAC,8.146831955922865,12.287603305785122,10.217217630853995,0.209366391184573,0.07713498622589532,0.14325068870523416
Alcorn St.,SWAC,4.376859504132232,16.21267217630854,10.294765840220386,0.3443526170798898,0.03305785123966942,0.1887052341597796
Lindenwood,OVC,5.491184573002755,15.121763085399449,10.306473829201103,0.3002754820936639,0.04958677685950408,0.17493112947658399
Denver,Sum,7.128374655647383,13.61763085399449,10.373002754820936,0.25068870523415976,0.06887052341597799,0.15977961432506887
Long Beach St.,BW,8.349862258953168,12.510468319559228,10.430165289256198,0.20110192837465565,0.0633608815426997,0.1322314049586777
Holy Cross,PL,8.331955922865014,12.612396694214876,10.472176308539945,0.20110192837465565,0.08539944903581265,0.14325068870523416
Tennessee Tech,OVC,8.369421487603306,12.614325068870523,10.491873278236914,0.19559228650137742,0.0881542699724518,0.1418732782369146
Eastern Illinois,OVC,7.922589531680441,13.293663911845732,10.608126721763087,0.20385674931129477,0.06887052341597799,0.13636363636363638
Howard,MEAC,7.985674931129477,13.480165289256199,10.732920110192838,0.209366391184573,0.0633608815426997,0.13636363636363635
Stonehill,NEC,6.855096418732782,14.73388429752066,10.79449035812672,0.24517906336088155,0.04958677685950408,0.14738292011019283
Coastal Carolina,SB,8.011845730027549,13.635812672176309,10.82382920110193,0.21487603305785125,0.05785123966942152,0.13636363636363638
Oral Roberts,Sum,5.881542699724518,15.949586776859503,10.91556473829201,0.29201101928374656,0.02754820936639113,0.15977961432506885
North Carolina A&T,CAA,8.312396694214875,13.872451790633608,11.092424242424242,0.19834710743801653,0.052341597796143224,0.12534435261707988
Morgan St.,MEAC,5.158953168044078,17.816253443526172,11.487603305785125,0.3168044077134986,0.02203856749311295,0.16942148760330578
Fairfield,MAAC,7.822589531680441,15.232231404958679,11.527410468319559,0.21487603305785125,0.04132231404958675,0.128099173553719
Morehead St.,OVC,10.08236914600551,13.211845730027548,11.64710743801653,0.12121212121212122,0.06611570247933884,0.09366391184573003
Stony Brook,CAA,8.983195592286501,14.334159779614325,11.658677685950412,0.1790633608815427,0.052341597796143224,0.11570247933884296
Detroit Mercy,Horz,7.107988980716253,16.540495867768595,11.824242424242424,0.25068870523415976,0.024793388429752095,0.13774104683195593
Texas A&M Commerce,Slnd,9.499724517906337,14.415702479338842,11.957713498622589,0.1763085399449036,0.052341597796143224,0.1143250688705234
Southern Indiana,OVC,9.224793388429752,15.056473829201101,12.140633608815428,0.15977961432506887,0.0440771349862259,0.10192837465564739
Wagner,NEC,11.186776859504132,14.02754820936639,12.607162534435261,0.0881542699724518,0.052341597796143224,0.07024793388429751
Sacramento St.,BSky,10.755647382920111,14.615426997245178,12.685537190082645,0.12121212121212122,0.04132231404958675,0.08126721763085398
Green Bay,Horz,10.427823691460055,15.164187327823692,12.796005509641873,0.13774104683195593,0.04683195592286504,0.09228650137741048
Mercyhurst,NEC,8.09228650137741,18.36969696969697,13.230991735537192,0.2066115702479339,0.016528925619834656,0.11157024793388427
Buffalo,MAC,12.011845730027549,14.845179063360883,13.428512396694217,0.09090909090909091,0.04958677685950408,0.0702479338842975
USC Upstate,BSth,10.375482093663912,16.66831955922865,13.52190082644628,0.14049586776859505,0.02203856749311295,0.081267217630854
West Georgia,ASun,11.305234159779614,16.044077134986225,13.67465564738292,0.11570247933884298,0.02203856749311295,0.06887052341597796
Western Carolina,SC,12.438016528925619,15.001928374655646,13.719972451790632,0.0743801652892562,0.0440771349862259,0.05922865013774105
Central Arkansas,ASun,10.61404958677686,17.230027548209367,13.922038567493114,0.12121212121212122,0.024793388429752095,0.07300275482093666
Western Illinois,OVC,12.165564738292012,15.858953168044078,14.012258953168045,0.0743801652892562,0.030303030303030276,0.05234159779614324
NJIT,AE,12.321212121212122,15.774380165289257,14.04779614325069,0.07162534435261708,0.02754820936639113,0.049586776859504106
Louisiana Monroe,SB,9.689256198347106,18.58457300275482,14.136914600550963,0.15151515151515152,0.01377410468319562,0.08264462809917357
Northern Illinois,MAC,9.958677685950413,18.31955922865014,14.139118457300276,0.15151515151515152,0.01377410468319562,0.08264462809917357
Bellarmine,ASun,11.533884297520661,16.918732782369148,14.226308539944904,0.1046831955922865,0.019283746556473802,0.06198347107438015
Le Moyne,NEC,12.111019283746558,17.623691460055095,14.867355371900826,0.07162534435261708,0.011019283746556474,0.04132231404958678
New Orleans,Slnd,13.488429752066116,16.85123966942149,15.169834710743803,0.049586776859504134,0.019283746556473802,0.03443526170798897
Stetson,ASun,12.994765840220387,17.77741046831956,15.386088154269974,0.06336088154269973,0.016528925619834656,0.03994490358126719
Cal St. Fullerton,BW,13.06831955922865,18.481267217630855,15.774793388429753,0.05509641873278237,0.01377410468319562,0.034435261707988996
New Hampshire,AE,11.756749311294765,19.94490358126722,15.850826446280992,0.09090909090909091,0.0055096418732781816,0.04820936639118455
Canisius,MAAC,13.833333333333334,19.311570247933886,16.57245179063361,0.06060606060606061,0.0055096418732781816,0.033057851239669395
Maryland Eastern Shore,MEAC,14.522314049586777,19.580440771349863,17.05137741046832,0.024793388429752067,0.0027548209366391463,0.013774104683195607
Prairie View A&M,SWAC,15.156749311294766,19.29944903581267,17.22809917355372,0.027548209366391185,0.0055096418732781816,0.016528925619834683
The Citadel,SC,13.9168044077135,20.63719008264463,17.276997245179064,0.04132231404958678,0.0027548209366391463,0.022038567493112962
Alabama A&M,SWAC,11.383195592286503,24.253168044077135,17.81818181818182,0.0881542699724518,0.0027548209366391463,0.04545454545454547
Coppin St.,MEAC,13.620661157024793,22.244903581267216,17.932782369146004,0.03581267217630854,0.0027548209366391463,0.019283746556473844
Chicago St.,NEC,15.01763085399449,21.81955922865014,18.418595041322313,0.024793388429752067,0.0027548209366391463,0.013774104683195607
Arkansas Pine Bluff,SWAC,16.794765840220386,24.3633608815427,20.57906336088154,0.01652892561983471,0.0027548209366391463,0.009641873278236929
Mississippi Valley St.,SWAC,24.48787878787879,36.21707988980716,30.352479338842976,0.0,0.0,0.0
